time,n_pred,nla_year
3078.2900000000373,150859,2007
3065.760000000242,150859,2012
3082.5,150859,2017
