time,n_pred,nla_year
3075.9099999996834,150859,2007
3088.339999999851,150859,2012
3081.1699999999255,150859,2017
